Date,Name,Tm,G,TBF,ERA,H,2B,3B,R,ER,HR,BB,IBB,HBP,SO,AVG,OBP,SLG,wOBA,playerId
2024-07-14,Beau Brieske,DET,1,6,18,4,2,0,3,2,0,0,0,0,0,0.666666666,0.666666666,1.0,0.7140158613522848,26079
2024-04-17,Ben Lively,CLE,1,3,0,0,0,0,0,0,0,0,0,0,1,0.0,0.0,0.0,0.0,14932
2024-04-23,Ben Lively,CLE,1,4,0,1,0,0,0,0,0,0,0,0,1,0.25,0.25,0.25,0.2209837883710861,14932
2024-04-28,Ben Lively,CLE,1,5,0,1,0,0,0,0,0,1,0,0,1,0.25,0.4,0.25,0.3149090766906738,14932
2024-05-04,Ben Lively,CLE,1,3,0,0,0,0,0,0,0,0,0,0,3,0.0,0.0,0.0,0.0,14932
2024-05-09,Ben Lively,CLE,1,5,9,2,2,0,1,1,0,0,0,0,0,0.4,0.4,0.8,0.5032449722290039,14932
2024-05-14,Ben Lively,CLE,1,3,0,0,0,0,0,0,0,0,0,0,1,0.0,0.0,0.0,0.0,14932
2024-05-20,Ben Lively,CLE,1,3,0,0,0,0,0,0,0,0,0,0,1,0.0,0.0,0.0,0.0,14932
2024-05-26,Ben Lively,CLE,1,4,0,0,0,0,0,0,0,1,0,0,1,0.0,0.25,0.0,0.1726525574922561,14932
2024-06-01,Ben Lively,CLE,1,3,0,0,0,0,0,0,0,0,0,0,0,0.0,0.0,0.0,0.0,14932
2024-06-08,Ben Lively,CLE,1,3,0,0,0,0,0,0,0,0,0,0,0,0.0,0.0,0.0,0.0,14932
2024-06-16,Ben Lively,CLE,1,6,0,2,0,0,0,0,0,1,0,0,1,0.4,0.5,0.4,0.4097467561562856,14932
2024-06-22,Ben Lively,CLE,1,3,0,0,0,0,0,0,0,0,0,0,1,0.0,0.0,0.0,0.0,14932
2024-06-27,Ben Lively,CLE,1,3,0,0,0,0,0,0,0,0,0,0,1,0.0,0.0,0.0,0.0,14932
2024-07-04,Ben Lively,CLE,1,4,0,0,0,0,0,0,0,1,0,0,2,0.0,0.25,0.0,0.1726525574922561,14932
2024-07-09,Ben Lively,CLE,1,4,0,0,0,0,0,0,0,1,0,0,2,0.0,0.25,0.0,0.1726525574922561,14932
2024-07-14,Ben Lively,CLE,1,3,0,0,0,0,0,0,0,0,0,0,0,0.0,0.0,0.0,0.0,14932
2024-04-08,Blake Snell,SFG,1,4,0,1,0,0,0,0,0,0,0,0,2,0.25,0.25,0.25,0.2209837883710861,13543
2024-04-14,Blake Snell,SFG,1,6,27,3,1,0,3,3,1,0,0,0,1,0.5,0.5,1.166666666,0.699739803870519,13543
2024-04-19,Blake Snell,SFG,1,4,0,1,0,0,0,0,0,0,0,0,0,0.25,0.25,0.25,0.2209837883710861,13543
2024-05-22,Blake Snell,SFG,1,4,0,1,0,0,0,0,0,0,0,0,1,0.25,0.25,0.25,0.2209837883710861,13543
2024-05-27,Blake Snell,SFG,1,4,0,1,1,0,0,0,0,0,0,0,1,0.25,0.25,0.5,0.3145281076431274,13543
2024-06-02,Blake Snell,SFG,1,5,9,2,0,0,1,1,1,0,0,0,2,0.4,0.4,1.0,0.5880652785301208,13543
2024-07-09,Blake Snell,SFG,1,3,0,0,0,0,0,0,0,0,0,0,1,0.0,0.0,0.0,0.0,13543
2024-07-14,Blake Snell,SFG,1,3,0,0,0,0,0,0,0,0,0,0,1,0.0,0.0,0.0,0.0,13543
2024-03-31,Brady Singer,KCR,1,3,0,0,0,0,0,0,0,0,0,0,1,0.0,0.0,0.0,0.0,25377
2024-04-05,Brady Singer,KCR,1,3,0,0,0,0,0,0,0,1,0,0,0,0.0,0.333333333,0.0,0.2302034099896749,25377
2024-04-11,Brady Singer,KCR,1,4,0,1,1,0,0,0,0,1,0,0,1,0.333333333,0.5,0.666666666,0.4871806651353836,25377
2024-04-17,Brady Singer,KCR,1,3,0,0,0,0,0,0,0,0,0,0,2,0.0,0.0,0.0,0.0,25377
2024-04-22,Brady Singer,KCR,1,4,0,1,0,0,0,0,0,0,0,0,0,0.25,0.25,0.25,0.2209837883710861,25377
2024-04-27,Brady Singer,KCR,1,5,0,0,0,0,0,0,0,2,0,0,1,0.0,0.4,0.0,0.2762440919876098,25377
2024-05-03,Brady Singer,KCR,1,3,0,0,0,0,0,0,0,0,0,0,2,0.0,0.0,0.0,0.0,25377
2024-05-08,Brady Singer,KCR,1,6,9,2,2,0,1,1,0,1,0,0,1,0.4,0.5,0.8,0.5344725151856741,25377
2024-05-13,Brady Singer,KCR,1,3,0,0,0,0,0,0,0,0,0,0,1,0.0,0.0,0.0,0.0,25377
2024-05-19,Brady Singer,KCR,1,3,0,0,0,0,0,0,0,0,0,0,1,0.0,0.0,0.0,0.0,25377
2024-05-25,Brady Singer,KCR,1,3,0,0,0,0,0,0,0,0,0,0,0,0.0,0.0,0.0,0.0,25377
2024-06-06,Brady Singer,KCR,1,6,0,1,0,0,1,0,0,1,0,0,0,0.2,0.333333333,0.2,0.2624242305755615,25377
2024-06-11,Brady Singer,KCR,1,6,18,2,0,1,2,2,0,1,0,0,0,0.4,0.5,0.8,0.5282362302144369,25377
2024-06-16,Brady Singer,KCR,1,4,0,1,0,0,0,0,0,1,0,0,0,0.333333333,0.5,0.333333333,0.3936363458633423,25377
2024-06-21,Brady Singer,KCR,1,4,0,0,0,0,0,0,0,0,0,1,1,0.0,0.25,0.0,0.1804479211568832,25377
2024-06-26,Brady Singer,KCR,1,5,0,2,0,0,0,0,0,1,0,0,1,0.5,0.6,0.5,0.4916961073875427,25377
2024-07-02,Brady Singer,KCR,1,4,0,1,0,0,0,0,0,1,0,0,1,0.333333333,0.5,0.333333333,0.3936363458633423,25377
2024-07-07,Brady Singer,KCR,1,3,0,0,0,0,0,0,0,0,0,0,2,0.0,0.0,0.0,0.0,25377
2024-07-14,Brady Singer,KCR,1,5,18,2,1,0,2,2,1,0,0,0,1,0.4,0.4,1.2,0.662900733947754,25377
2024-03-28,Brayan Bello,BOS,1,4,0,2,1,0,0,0,0,0,0,0,0,0.5,0.5,0.75,0.5355118960142136,23920
2024-04-02,Brayan Bello,BOS,1,3,0,0,0,0,0,0,0,0,0,0,2,0.0,0.0,0.0,0.0,23920
2024-04-09,Brayan Bello,BOS,1,3,0,0,0,0,0,0,0,0,0,0,0,0.0,0.0,0.0,0.0,23920
2024-04-14,Brayan Bello,BOS,1,4,0,1,0,0,0,0,0,0,0,0,2,0.25,0.25,0.25,0.2209837883710861,23920
2024-04-19,Brayan Bello,BOS,1,5,0,0,0,0,0,0,0,1,0,0,1,0.0,0.2,0.0,0.1381220459938049,23920
2024-05-12,Brayan Bello,BOS,1,3,0,1,0,0,0,0,0,0,0,0,0,0.333333333,0.333333333,0.333333333,0.2946450511614482,23920
2024-05-17,Brayan Bello,BOS,1,5,18,3,1,0,2,2,1,0,0,0,1,0.6,0.6,1.4,0.8396877646446228,23920
2024-05-22,Brayan Bello,BOS,1,4,0,0,0,0,0,0,0,1,0,0,1,0.0,0.25,0.0,0.1726525574922561,23920
2024-05-28,Brayan Bello,BOS,1,8,27,3,1,0,3,3,0,1,0,1,1,0.5,0.625,0.666666666,0.5547980815172195,23920
2024-06-02,Brayan Bello,BOS,1,5,0,1,0,0,0,0,0,1,0,0,0,0.25,0.4,0.25,0.3149090766906738,23920
2024-06-08,Brayan Bello,BOS,1,3,0,0,0,0,0,0,0,0,0,0,1,0.0,0.0,0.0,0.0,23920
2024-06-14,Brayan Bello,BOS,1,7,18,3,1,0,2,2,1,1,0,0,2,0.5,0.571428571,1.166666666,0.6984355790274483,23920
2024-06-19,Brayan Bello,BOS,1,5,0,1,0,0,0,0,0,0,0,1,2,0.25,0.4,0.25,0.3211453676223755,23920
2024-06-25,Brayan Bello,BOS,1,3,0,0,0,0,0,0,0,0,0,1,1,0.0,0.333333333,0.0,0.2405972282091776,23920
2024-07-03,Brayan Bello,BOS,1,6,9,3,0,0,1,1,0,0,0,0,1,0.5,0.5,0.5,0.4419675767421722,23920
2024-07-09,Brayan Bello,BOS,1,6,18,3,1,0,2,2,0,0,0,0,3,0.5,0.5,0.666666666,0.5043304562568665,23920
2024-07-14,Brayan Bello,BOS,1,4,9,1,0,0,1,1,1,0,0,0,1,0.25,0.25,1.0,0.5140978097915649,23920
2024-03-29,Carlos Rodon,NYY,1,5,9,2,1,0,1,1,0,0,0,0,1,0.4,0.4,0.6,0.4284095168113708,16137
2024-04-03,Carlos Rodon,NYY,1,4,0,1,1,0,0,0,0,0,0,0,1,0.25,0.25,0.5,0.3145281076431274,16137
2024-04-09,Carlos Rodon,NYY,1,4,0,0,0,0,0,0,0,1,0,0,2,0.0,0.25,0.0,0.1726525574922561,16137
2024-04-16,Carlos Rodon,NYY,1,5,0,1,0,0,0,0,0,1,0,0,2,0.25,0.4,0.25,0.3149090766906738,16137
2024-04-22,Carlos Rodon,NYY,1,3,0,0,0,0,0,0,0,0,0,1,0,0.0,0.333333333,0.0,0.2405972282091776,16137
2024-04-27,Carlos Rodon,NYY,1,4,9,1,0,0,1,1,1,0,0,0,1,0.25,0.25,1.0,0.5140978097915649,16137
2024-05-02,Carlos Rodon,NYY,1,3,0,0,0,0,0,0,0,0,0,0,2,0.0,0.0,0.0,0.0,16137
2024-05-08,Carlos Rodon,NYY,1,4,9,1,0,0,1,1,1,0,0,0,2,0.25,0.25,1.0,0.5140978097915649,16137
2024-05-14,Carlos Rodon,NYY,1,6,9,3,0,0,1,1,1,0,0,0,2,0.5,0.5,1.0,0.6373769243558248,16137
2024-05-19,Carlos Rodon,NYY,1,3,0,0,0,0,0,0,0,0,0,0,1,0.0,0.0,0.0,0.0,16137
2024-05-24,Carlos Rodon,NYY,1,3,0,0,0,0,0,0,0,0,0,0,1,0.0,0.0,0.0,0.0,16137
2024-05-30,Carlos Rodon,NYY,1,3,0,0,0,0,0,0,0,0,0,0,0,0.0,0.0,0.0,0.0,16137
2024-06-05,Carlos Rodon,NYY,1,3,0,0,0,0,0,0,0,0,0,0,2,0.0,0.0,0.0,0.0,16137
2024-06-10,Carlos Rodon,NYY,1,3,0,0,0,0,0,0,0,0,0,0,0,0.0,0.0,0.0,0.0,16137
2024-06-15,Carlos Rodon,NYY,1,8,27,4,3,0,3,3,0,1,0,0,1,0.571428571,0.625,1.0,0.6686103343963623,16137
2024-06-21,Carlos Rodon,NYY,1,6,27,3,0,0,3,3,2,0,0,0,1,0.5,0.5,1.5,0.8327862719694773,16137
2024-06-27,Carlos Rodon,NYY,1,10,45,6,2,0,5,5,1,0,0,1,2,0.666666666,0.7,1.222222222,0.7946213245391845,16137
2024-07-03,Carlos Rodon,NYY,1,3,0,0,0,0,0,0,0,0,0,0,2,0.0,0.0,0.0,0.0,16137
2024-07-09,Carlos Rodon,NYY,1,7,36,4,1,0,4,4,1,1,0,0,0,0.666666666,0.714285714,1.333333333,0.8247120295252118,16137
2024-07-14,Carlos Rodon,NYY,1,3,0,0,0,0,0,0,0,0,0,0,2,0.0,0.0,0.0,0.0,16137
2024-07-14,Carson Fulmer,LAA,1,3,0,0,0,0,0,0,0,0,0,0,1,0.0,0.0,0.0,0.0,18311
2024-04-03,Chris Paddack,MIN,1,5,0,2,0,0,0,0,0,1,0,0,1,0.5,0.6,0.5,0.4916961073875427,20099
2024-04-10,Chris Paddack,MIN,1,6,9,2,1,0,1,1,0,1,0,0,0,0.4,0.5,0.6,0.4721096356709798,20099
2024-04-16,Chris Paddack,MIN,1,5,0,1,0,0,0,0,0,0,0,1,0,0.25,0.4,0.25,0.3211453676223755,20099
2024-04-22,Chris Paddack,MIN,1,3,0,0,0,0,0,0,0,0,0,0,2,0.0,0.0,0.0,0.0,20099
2024-04-27,Chris Paddack,MIN,1,3,0,0,0,0,0,0,0,0,0,0,1,0.0,0.0,0.0,0.0,20099
2024-05-03,Chris Paddack,MIN,1,5,0,1,1,0,0,0,0,0,0,0,1,0.2,0.2,0.4,0.2516224861145019,20099
2024-05-08,Chris Paddack,MIN,1,4,0,1,0,0,0,0,0,0,0,0,2,0.25,0.25,0.25,0.2209837883710861,20099
2024-05-14,Chris Paddack,MIN,1,5,0,1,0,0,0,0,0,1,0,0,1,0.25,0.4,0.25,0.3149090766906738,20099
2024-05-19,Chris Paddack,MIN,1,5,18,2,0,0,2,2,1,0,0,0,1,0.4,0.4,1.0,0.5880652785301208,20099
2024-05-25,Chris Paddack,MIN,1,3,0,0,0,0,0,0,0,0,0,0,0,0.0,0.0,0.0,0.0,20099
2024-05-30,Chris Paddack,MIN,1,5,18,1,0,0,2,2,1,1,0,0,2,0.25,0.4,1.0,0.5494002938270569,20099
2024-06-05,Chris Paddack,MIN,1,8,36,5,2,0,4,4,0,0,0,0,1,0.625,0.625,0.875,0.6460037901997566,20099
2024-06-10,Chris Paddack,MIN,1,4,0,2,0,0,0,0,0,0,0,0,1,0.5,0.5,0.5,0.4419675767421722,20099
2024-06-16,Chris Paddack,MIN,1,3,0,0,0,0,0,0,0,0,0,0,0,0.0,0.0,0.0,0.0,20099
2024-06-21,Chris Paddack,MIN,1,6,9,3,0,0,1,1,0,0,0,0,1,0.5,0.5,0.5,0.4419675767421722,20099
2024-07-08,Chris Paddack,MIN,1,3,0,0,0,0,0,0,0,0,0,0,1,0.0,0.0,0.0,0.0,20099
2024-07-14,Chris Paddack,MIN,1,3,0,0,0,0,0,0,0,0,0,0,1,0.0,0.0,0.0,0.0,20099
2024-03-31,Chris Sale,ATL,1,4,9,1,0,0,1,1,1,0,0,0,1,0.25,0.25,1.0,0.5140978097915649,10603
2024-04-07,Chris Sale,ATL,1,3,0,0,0,0,0,0,0,0,0,0,1,0.0,0.0,0.0,0.0,10603
2024-04-13,Chris Sale,ATL,1,5,9,1,0,0,1,1,1,1,0,0,1,0.25,0.4,1.0,0.5494002938270569,10603
2024-04-19,Chris Sale,ATL,1,4,9,1,0,0,1,1,1,0,0,0,0,0.25,0.25,1.0,0.5140978097915649,10603
2024-04-26,Chris Sale,ATL,1,5,9,1,0,0,1,1,1,1,0,0,0,0.25,0.4,1.0,0.5494002938270569,10603
2024-05-01,Chris Sale,ATL,1,3,0,0,0,0,0,0,0,0,0,0,2,0.0,0.0,0.0,0.0,10603
2024-05-08,Chris Sale,ATL,1,5,0,1,1,0,0,0,0,1,0,0,2,0.25,0.4,0.5,0.3897445321083069,10603
2024-05-14,Chris Sale,ATL,1,5,0,1,0,0,0,0,0,0,0,1,3,0.25,0.4,0.25,0.3211453676223755,10603
2024-05-20,Chris Sale,ATL,1,4,0,1,0,0,0,0,0,0,0,0,2,0.25,0.25,0.25,0.2209837883710861,10603
2024-05-26,Chris Sale,ATL,1,4,0,0,0,0,0,0,0,1,0,0,1,0.0,0.25,0.0,0.1726525574922561,10603
2024-06-01,Chris Sale,ATL,1,6,18,3,1,0,2,2,0,0,0,0,1,0.5,0.5,0.666666666,0.5043304562568665,10603
2024-06-07,Chris Sale,ATL,1,3,0,0,0,0,0,0,0,0,0,0,2,0.0,0.0,0.0,0.0,10603
2024-06-14,Chris Sale,ATL,1,6,9,2,1,0,1,1,0,0,0,1,2,0.4,0.5,0.6,0.4773065447807312,10603
2024-06-21,Chris Sale,ATL,1,3,0,0,0,0,0,0,0,1,0,0,2,0.0,0.333333333,0.0,0.2302034099896749,10603
2024-06-27,Chris Sale,ATL,1,4,9,1,0,0,1,1,1,0,0,0,2,0.25,0.25,1.0,0.5140978097915649,10603
2024-07-03,Chris Sale,ATL,1,3,0,0,0,0,0,0,0,0,0,0,0,0.0,0.0,0.0,0.0,10603
2024-07-09,Chris Sale,ATL,1,6,0,1,0,0,0,0,0,2,0,0,1,0.25,0.5,0.25,0.377525935570399,10603
2024-07-14,Chris Sale,ATL,1,6,9,3,0,0,1,1,0,0,0,0,0,0.5,0.5,0.5,0.4419675767421722,10603
2024-03-31,Colin Rea,MIL,1,4,0,1,0,0,0,0,0,0,0,0,0,0.25,0.25,0.25,0.2209837883710861,12317
2024-04-07,Colin Rea,MIL,1,5,0,2,0,0,1,0,0,0,0,0,1,0.4,0.4,0.4,0.3535740613937378,12317
2024-04-14,Colin Rea,MIL,1,6,9,2,0,0,1,1,0,0,0,1,1,0.4,0.5,0.4,0.414943665266037,12317
2024-04-21,Colin Rea,MIL,1,6,0,2,0,0,0,0,0,1,0,0,0,0.4,0.5,0.4,0.4097467561562856,12317
2024-04-26,Colin Rea,MIL,1,4,9,1,0,0,1,1,1,0,0,0,2,0.25,0.25,1.0,0.5140978097915649,12317
2024-05-01,Colin Rea,MIL,1,4,0,1,0,0,0,0,0,0,0,0,1,0.25,0.25,0.25,0.2209837883710861,12317
2024-05-07,Colin Rea,MIL,1,5,0,1,0,0,0,0,0,1,0,0,1,0.25,0.4,0.25,0.3149090766906738,12317
2024-05-13,Colin Rea,MIL,1,6,18,3,0,0,2,2,1,0,0,0,0,0.5,0.5,1.0,0.6373769243558248,12317
2024-05-19,Colin Rea,MIL,1,8,36,3,2,0,4,4,1,2,0,0,1,0.5,0.625,1.333333333,0.7442295700311661,12317
2024-05-30,Colin Rea,MIL,1,4,9,1,0,0,1,1,1,0,0,0,1,0.25,0.25,1.0,0.5140978097915649,12317
2024-06-10,Colin Rea,MIL,1,4,0,1,1,0,0,0,0,0,0,0,0,0.25,0.25,0.5,0.3145281076431274,12317
2024-06-16,Colin Rea,MIL,1,4,9,1,0,1,1,1,0,0,0,0,0,0.333333333,0.25,1.0,0.398717999458313,12317
2024-06-21,Colin Rea,MIL,1,3,0,0,0,0,0,0,0,0,0,0,0,0.0,0.0,0.0,0.0,12317
2024-06-28,Colin Rea,MIL,1,4,0,0,0,0,0,0,0,1,0,1,1,0.0,0.5,0.0,0.3531004786491394,12317
2024-07-03,Colin Rea,MIL,1,4,0,1,0,0,0,0,0,0,0,0,0,0.25,0.25,0.25,0.2209837883710861,12317
2024-07-09,Colin Rea,MIL,1,3,0,0,0,0,0,0,0,0,0,0,2,0.0,0.0,0.0,0.0,12317
2024-04-01,Dean Kremer,BAL,1,5,0,0,0,0,0,0,0,0,0,0,0,0.0,0.0,0.0,0.0,19350
2024-04-07,Dean Kremer,BAL,1,4,0,1,0,0,0,0,0,0,0,0,1,0.25,0.25,0.25,0.2209837883710861,19350
2024-04-13,Dean Kremer,BAL,1,3,0,0,0,0,0,0,0,0,0,0,1,0.0,0.0,0.0,0.0,19350
2024-04-19,Dean Kremer,BAL,1,3,0,0,0,0,0,0,0,0,0,0,1,0.0,0.0,0.0,0.0,19350
2024-04-24,Dean Kremer,BAL,1,3,0,0,0,0,0,0,0,0,0,0,0,0.0,0.0,0.0,0.0,19350
2024-04-30,Dean Kremer,BAL,1,3,0,0,0,0,0,0,0,1,0,0,0,0.0,0.333333333,0.0,0.2302034099896749,19350
2024-05-05,Dean Kremer,BAL,1,3,0,0,0,0,0,0,0,0,0,0,1,0.0,0.0,0.0,0.0,19350
2024-05-12,Dean Kremer,BAL,1,3,0,0,0,0,0,0,0,0,0,0,2,0.0,0.0,0.0,0.0,19350
2024-05-20,Dean Kremer,BAL,1,5,0,1,0,0,0,0,0,1,0,0,0,0.25,0.4,0.25,0.3149090766906738,19350
2024-07-03,Dean Kremer,BAL,1,4,0,0,0,0,0,0,0,1,0,0,1,0.0,0.25,0.0,0.1726525574922561,19350
2024-07-09,Dean Kremer,BAL,1,4,9,1,0,0,1,1,1,0,0,0,1,0.25,0.25,1.0,0.5140978097915649,19350
2024-07-14,Dean Kremer,BAL,1,4,0,0,0,0,0,0,0,0,0,1,1,0.0,0.25,0.0,0.1804479211568832,19350
2024-07-14,German Marquez,COL,1,3,0,0,0,0,0,0,0,0,0,0,2,0.0,0.0,0.0,0.0,15038
2024-03-31,Jake Irvin,WSN,1,3,0,0,0,0,0,0,0,0,0,0,2,0.0,0.0,0.0,0.0,21504
2024-04-06,Jake Irvin,WSN,1,3,0,0,0,0,0,0,0,0,0,0,1,0.0,0.0,0.0,0.0,21504
2024-04-12,Jake Irvin,WSN,1,3,0,0,0,0,0,0,0,0,0,0,1,0.0,0.0,0.0,0.0,21504
2024-04-17,Jake Irvin,WSN,1,5,0,1,0,0,0,0,0,1,0,0,1,0.25,0.4,0.25,0.3149090766906738,21504
2024-04-24,Jake Irvin,WSN,1,6,9,2,1,0,1,1,0,1,0,0,1,0.4,0.5,0.6,0.4721096356709798,21504
2024-04-29,Jake Irvin,WSN,1,4,0,1,0,0,0,0,0,0,0,0,1,0.25,0.25,0.25,0.2209837883710861,21504
2024-05-04,Jake Irvin,WSN,1,9,0,3,1,0,4,0,0,1,0,0,1,0.375,0.444444444,0.5,0.4129547741678026,21504
2024-05-11,Jake Irvin,WSN,1,5,0,1,0,0,0,0,0,0,0,0,0,0.2,0.2,0.2,0.1767870306968689,21504
2024-05-17,Jake Irvin,WSN,1,6,9,2,1,0,1,1,0,0,0,1,0,0.4,0.5,0.6,0.4773065447807312,21504
2024-05-22,Jake Irvin,WSN,1,3,0,0,0,0,0,0,0,0,0,0,0,0.0,0.0,0.0,0.0,21504
2024-05-28,Jake Irvin,WSN,1,3,0,0,0,0,0,0,0,0,0,0,3,0.0,0.0,0.0,0.0,21504
2024-06-02,Jake Irvin,WSN,1,3,0,0,0,0,0,0,0,0,0,0,1,0.0,0.0,0.0,0.0,21504
2024-06-07,Jake Irvin,WSN,1,3,0,0,0,0,0,0,0,0,0,0,1,0.0,0.0,0.0,0.0,21504
2024-06-12,Jake Irvin,WSN,1,6,9,3,0,0,1,1,1,0,0,0,1,0.5,0.5,1.0,0.6373769243558248,21504
2024-06-18,Jake Irvin,WSN,1,6,18,2,0,0,2,2,1,1,0,0,2,0.4,0.5,1.0,0.6051561037699381,21504
2024-06-23,Jake Irvin,WSN,1,5,0,1,0,0,0,0,0,1,0,0,1,0.25,0.4,0.25,0.3149090766906738,21504
2024-06-29,Jake Irvin,WSN,1,4,9,1,0,0,1,1,1,0,0,0,0,0.25,0.25,1.0,0.5140978097915649,21504
2024-07-04,Jake Irvin,WSN,1,3,0,0,0,0,0,0,0,0,0,0,1,0.0,0.0,0.0,0.0,21504
2024-07-09,Jake Irvin,WSN,1,5,0,1,0,0,0,0,0,1,0,0,1,0.25,0.4,0.25,0.3149090766906738,21504
2024-07-14,Jake Irvin,WSN,1,5,9,2,2,0,1,1,0,0,0,0,0,0.4,0.4,0.8,0.5032449722290039,21504
2024-04-19,Jameson Taillon,CHC,1,3,0,0,0,0,0,0,0,0,0,0,2,0.0,0.0,0.0,0.0,11674
2024-04-24,Jameson Taillon,CHC,1,3,0,0,0,0,0,0,0,0,0,0,0,0.0,0.0,0.0,0.0,11674
2024-04-29,Jameson Taillon,CHC,1,5,9,2,0,0,1,1,1,0,0,0,0,0.4,0.4,1.0,0.5880652785301208,11674
2024-05-04,Jameson Taillon,CHC,1,3,0,0,0,0,0,0,0,0,0,0,1,0.0,0.0,0.0,0.0,11674
2024-05-14,Jameson Taillon,CHC,1,6,9,3,1,0,1,1,0,0,0,0,0,0.5,0.5,0.666666666,0.5043304562568665,11674
2024-05-19,Jameson Taillon,CHC,1,4,0,1,0,0,0,0,0,0,0,0,2,0.25,0.25,0.25,0.2209837883710861,11674
2024-05-25,Jameson Taillon,CHC,1,4,0,1,0,0,0,0,0,0,0,0,2,0.25,0.25,0.25,0.2209837883710861,11674
2024-05-30,Jameson Taillon,CHC,1,3,0,0,0,0,0,0,0,1,0,0,1,0.0,0.333333333,0.0,0.2302034099896749,11674
2024-06-05,Jameson Taillon,CHC,1,4,9,2,0,0,1,1,1,0,0,0,1,0.5,0.5,1.25,0.7350815981626511,11674
2024-06-11,Jameson Taillon,CHC,1,3,0,0,0,0,0,0,0,0,0,0,0,0.0,0.0,0.0,0.0,11674
2024-06-16,Jameson Taillon,CHC,1,5,0,2,0,0,0,0,0,0,0,0,1,0.4,0.4,0.4,0.3535740613937378,11674
2024-06-22,Jameson Taillon,CHC,1,4,0,1,0,0,0,0,0,0,0,0,2,0.25,0.25,0.25,0.2209837883710861,11674
2024-06-28,Jameson Taillon,CHC,1,3,0,0,0,0,0,0,0,0,0,0,1,0.0,0.0,0.0,0.0,11674
2024-07-04,Jameson Taillon,CHC,1,5,9,2,0,0,1,1,0,0,0,0,2,0.4,0.4,0.4,0.3535740613937378,11674
2024-07-09,Jameson Taillon,CHC,1,4,0,1,0,0,0,0,0,0,0,0,1,0.25,0.25,0.25,0.2209837883710861,11674
2024-07-14,Jameson Taillon,CHC,1,3,0,0,0,0,0,0,0,0,0,0,0,0.0,0.0,0.0,0.0,11674
2024-07-04,Jared Shuster,CHW,1,6,9,3,0,0,1,1,0,0,0,0,0,0.5,0.5,0.5,0.4419675767421722,27472
2024-07-14,Jared Shuster,CHW,1,4,0,1,1,0,0,0,0,0,0,0,0,0.25,0.25,0.5,0.3145281076431274,27472
2024-05-11,Joey Estes,OAK,1,3,0,0,0,0,0,0,0,0,0,0,0,0.0,0.0,0.0,0.0,26257
2024-05-16,Joey Estes,OAK,1,5,0,2,0,0,0,0,0,0,0,0,2,0.4,0.4,0.4,0.3535740613937378,26257
2024-05-23,Joey Estes,OAK,1,6,18,3,3,0,2,2,0,0,0,0,1,0.5,0.5,1.0,0.6290562152862549,26257
2024-05-29,Joey Estes,OAK,1,3,0,0,0,0,0,0,0,0,0,0,2,0.0,0.0,0.0,0.0,26257
2024-06-05,Joey Estes,OAK,1,3,0,0,0,0,0,0,0,0,0,0,2,0.0,0.0,0.0,0.0,26257
2024-06-10,Joey Estes,OAK,1,4,0,0,0,0,0,0,0,1,0,0,0,0.0,0.25,0.0,0.1726525574922561,26257
2024-06-16,Joey Estes,OAK,1,8,18,3,1,0,2,2,1,1,0,1,1,0.5,0.625,1.166666666,0.701355092227459,26257
2024-06-21,Joey Estes,OAK,1,4,9,1,1,0,1,1,0,0,0,0,1,0.25,0.25,0.5,0.3145281076431274,26257
2024-06-26,Joey Estes,OAK,1,6,0,2,1,0,0,0,0,1,1,0,1,0.4,0.5,0.6,0.4284095168113708,26257
2024-07-03,Joey Estes,OAK,1,3,0,0,0,0,0,0,0,0,0,0,1,0.0,0.0,0.0,0.0,26257
2024-07-09,Joey Estes,OAK,1,7,27,4,2,0,3,3,0,0,0,0,1,0.571428571,0.571428571,0.857142857,0.6120135954448155,26257
2024-07-14,Joey Estes,OAK,1,5,9,2,1,0,1,1,1,0,0,0,1,0.4,0.4,1.2,0.662900733947754,26257
2024-03-29,Jose Quintana,NYM,1,4,0,1,0,0,0,0,0,1,0,0,1,0.333333333,0.5,0.333333333,0.3936363458633423,11423
2024-04-05,Jose Quintana,NYM,1,5,9,1,0,0,1,1,1,1,0,0,1,0.25,0.4,1.0,0.5494002938270569,11423
2024-04-11,Jose Quintana,NYM,1,3,0,0,0,0,0,0,0,0,0,0,0,0.0,0.0,0.0,0.0,11423
2024-04-16,Jose Quintana,NYM,1,4,0,0,0,0,0,0,0,1,0,0,2,0.0,0.25,0.0,0.1726525574922561,11423
2024-04-22,Jose Quintana,NYM,1,3,0,0,0,0,0,0,0,0,0,0,0,0.0,0.0,0.0,0.0,11423
2024-04-28,Jose Quintana,NYM,1,5,0,1,1,0,0,0,0,1,0,0,0,0.25,0.4,0.5,0.3897445321083069,11423
2024-05-03,Jose Quintana,NYM,1,4,0,1,0,0,0,0,0,0,0,0,0,0.25,0.25,0.25,0.2209837883710861,11423
2024-05-10,Jose Quintana,NYM,1,3,0,0,0,0,0,0,0,0,0,0,1,0.0,0.0,0.0,0.0,11423
2024-05-16,Jose Quintana,NYM,1,3,0,0,0,0,0,0,0,0,0,0,0,0.0,0.0,0.0,0.0,11423
2024-05-22,Jose Quintana,NYM,1,3,0,0,0,0,0,0,0,0,0,0,1,0.0,0.0,0.0,0.0,11423
2024-05-28,Jose Quintana,NYM,1,5,9,2,1,0,1,1,1,0,0,0,0,0.4,0.4,1.2,0.662900733947754,11423
2024-06-02,Jose Quintana,NYM,1,5,18,2,0,0,2,2,2,0,0,0,0,0.4,0.4,1.6,0.8225564956665039,11423
2024-06-09,Jose Quintana,NYM,1,5,9,1,0,0,1,1,0,2,0,0,0,0.333333333,0.6,0.333333333,0.4530311226844787,11423
2024-06-15,Jose Quintana,NYM,1,4,0,1,1,0,0,0,0,0,0,0,0,0.25,0.25,0.5,0.3145281076431274,11423
2024-06-21,Jose Quintana,NYM,1,5,0,1,0,0,1,0,0,1,0,0,1,0.25,0.4,0.25,0.3149090766906738,11423
2024-06-28,Jose Quintana,NYM,1,7,9,2,0,0,1,1,1,2,0,0,2,0.4,0.571428571,1.0,0.6173638360840934,11423
2024-07-04,Jose Quintana,NYM,1,4,0,0,0,0,0,0,0,1,0,0,0,0.0,0.25,0.0,0.1726525574922561,11423
2024-07-09,Jose Quintana,NYM,1,3,0,0,0,0,0,0,0,0,0,0,0,0.0,0.0,0.0,0.0,11423
2024-07-14,Jose Quintana,NYM,1,5,18,2,0,0,2,2,1,0,0,0,2,0.4,0.4,1.0,0.5880652785301208,11423
2024-03-30,Logan Gilbert,SEA,1,3,0,0,0,0,0,0,0,0,0,0,1,0.0,0.0,0.0,0.0,22250
2024-04-05,Logan Gilbert,SEA,1,3,0,0,0,0,0,0,0,0,0,0,1,0.0,0.0,0.0,0.0,22250
2024-04-10,Logan Gilbert,SEA,1,3,0,0,0,0,0,0,0,0,0,0,0,0.0,0.0,0.0,0.0,22250
2024-04-16,Logan Gilbert,SEA,1,3,0,0,0,0,0,0,0,0,0,0,3,0.0,0.0,0.0,0.0,22250
2024-04-23,Logan Gilbert,SEA,1,5,0,0,0,0,0,0,0,2,0,0,0,0.0,0.4,0.0,0.2762440919876098,22250
2024-04-28,Logan Gilbert,SEA,1,3,0,0,0,0,0,0,0,0,0,0,2,0.0,0.0,0.0,0.0,22250
2024-05-04,Logan Gilbert,SEA,1,5,0,1,0,0,0,0,0,1,0,0,1,0.25,0.4,0.25,0.3149090766906738,22250
2024-05-09,Logan Gilbert,SEA,1,9,45,5,1,0,5,5,0,1,0,0,1,0.625,0.666666666,0.75,0.6093848082754347,22250
2024-05-14,Logan Gilbert,SEA,1,3,0,0,0,0,0,0,0,0,0,0,3,0.0,0.0,0.0,0.0,22250
2024-05-20,Logan Gilbert,SEA,1,6,18,2,2,0,2,2,0,0,0,1,0,0.4,0.5,0.8,0.5396694242954254,22250
2024-05-25,Logan Gilbert,SEA,1,3,0,0,0,0,0,0,0,0,0,0,2,0.0,0.0,0.0,0.0,22250
2024-05-30,Logan Gilbert,SEA,1,4,0,1,1,0,0,0,0,0,0,0,1,0.25,0.25,0.5,0.3145281076431274,22250
2024-06-05,Logan Gilbert,SEA,1,3,0,0,0,0,0,0,0,0,0,0,1,0.0,0.0,0.0,0.0,22250
2024-06-10,Logan Gilbert,SEA,1,3,0,0,0,0,0,0,0,0,0,0,1,0.0,0.0,0.0,0.0,22250
2024-06-16,Logan Gilbert,SEA,1,3,0,0,0,0,0,0,0,0,0,0,1,0.0,0.0,0.0,0.0,22250
2024-06-22,Logan Gilbert,SEA,1,3,0,1,0,0,0,0,0,0,0,0,1,0.333333333,0.333333333,0.333333333,0.2946450511614482,22250
2024-06-28,Logan Gilbert,SEA,1,4,0,1,0,0,0,0,0,0,0,0,0,0.25,0.25,0.25,0.2209837883710861,22250
2024-07-03,Logan Gilbert,SEA,1,4,0,0,0,0,0,0,0,1,0,0,0,0.0,0.25,0.0,0.1726525574922561,22250
2024-07-09,Logan Gilbert,SEA,1,3,0,0,0,0,0,0,0,0,0,0,0,0.0,0.0,0.0,0.0,22250
2024-07-14,Logan Gilbert,SEA,1,4,0,1,1,0,0,0,0,0,0,0,1,0.25,0.25,0.5,0.3145281076431274,22250
2024-06-23,Max Scherzer,TEX,1,3,0,0,0,0,0,0,0,0,0,0,1,0.0,0.0,0.0,0.0,3137
2024-06-28,Max Scherzer,TEX,1,4,0,0,0,0,0,0,0,1,0,0,0,0.0,0.25,0.0,0.1726525574922561,3137
2024-07-04,Max Scherzer,TEX,1,3,0,0,0,0,0,0,0,0,0,0,1,0.0,0.0,0.0,0.0,3137
2024-07-09,Max Scherzer,TEX,1,4,0,1,1,0,0,0,0,0,0,0,1,0.25,0.25,0.5,0.3145281076431274,3137
2024-07-14,Max Scherzer,TEX,1,3,0,0,0,0,0,0,0,0,0,0,0,0.0,0.0,0.0,0.0,3137
2024-03-28,Miles Mikolas,STL,1,6,18,3,1,0,2,2,0,1,0,0,1,0.75,0.666666666,1.0,0.6194321612517039,9803
2024-04-02,Miles Mikolas,STL,1,4,0,0,0,0,0,0,0,1,0,0,0,0.0,0.25,0.0,0.1726525574922561,9803
2024-04-08,Miles Mikolas,STL,1,5,0,0,0,0,0,0,0,2,0,0,0,0.0,0.4,0.0,0.2762440919876098,9803
2024-04-14,Miles Mikolas,STL,1,3,0,0,0,0,0,0,0,0,0,0,0,0.0,0.0,0.0,0.0,9803
2024-04-20,Miles Mikolas,STL,1,5,18,2,0,0,2,2,1,0,0,0,1,0.4,0.4,1.0,0.5880652785301208,9803
2024-04-26,Miles Mikolas,STL,1,4,0,2,1,0,0,0,0,0,0,0,0,0.5,0.5,0.75,0.5355118960142136,9803
2024-05-01,Miles Mikolas,STL,1,4,0,1,1,0,0,0,0,0,0,0,0,0.25,0.25,0.5,0.3145281076431274,9803
2024-05-07,Miles Mikolas,STL,1,4,0,1,0,0,0,0,0,0,0,0,1,0.25,0.25,0.25,0.2209837883710861,9803
2024-05-12,Miles Mikolas,STL,1,7,27,2,0,0,3,3,0,2,0,0,0,0.4,0.571428571,0.4,0.4498701095581054,9803
2024-05-18,Miles Mikolas,STL,1,5,0,0,0,0,0,0,0,1,0,0,1,0.0,0.2,0.0,0.1381220459938049,9803
2024-05-25,Miles Mikolas,STL,1,3,0,0,0,0,0,0,0,1,0,0,0,0.0,0.333333333,0.0,0.2302034099896749,9803
2024-05-31,Miles Mikolas,STL,1,3,0,0,0,0,0,0,0,0,0,0,1,0.0,0.0,0.0,0.0,9803
2024-06-05,Miles Mikolas,STL,1,4,0,1,0,0,0,0,0,0,0,0,1,0.25,0.25,0.25,0.2209837883710861,9803
2024-06-11,Miles Mikolas,STL,1,3,0,0,0,0,0,0,0,0,0,0,0,0.0,0.0,0.0,0.0,9803
2024-06-16,Miles Mikolas,STL,1,3,0,0,0,0,0,0,0,0,0,0,1,0.0,0.0,0.0,0.0,9803
2024-06-22,Miles Mikolas,STL,1,7,27,4,0,0,3,3,0,0,0,0,1,0.571428571,0.571428571,0.571428571,0.505105801991054,9803
2024-06-27,Miles Mikolas,STL,1,6,9,2,0,1,1,1,0,1,0,0,0,0.4,0.5,0.8,0.5282362302144369,9803
2024-07-03,Miles Mikolas,STL,1,4,0,1,0,0,0,0,0,0,0,0,1,0.25,0.25,0.25,0.2209837883710861,9803
2024-07-08,Miles Mikolas,STL,1,5,0,2,0,0,0,0,0,0,0,0,1,0.4,0.4,0.4,0.3535740613937378,9803
2024-07-14,Miles Mikolas,STL,1,3,0,0,0,0,0,0,0,0,0,0,2,0.0,0.0,0.0,0.0,9803
2024-03-28,Mitch Keller,PIT,1,3,0,1,0,0,0,0,0,0,0,0,1,0.333333333,0.333333333,0.333333333,0.2946450511614482,17594
2024-04-03,Mitch Keller,PIT,1,3,0,0,0,0,0,0,0,0,0,0,1,0.0,0.0,0.0,0.0,17594
2024-04-08,Mitch Keller,PIT,1,5,9,1,0,0,1,1,0,2,0,0,2,0.333333333,0.6,0.333333333,0.4530311226844787,17594
2024-04-14,Mitch Keller,PIT,1,4,0,1,0,0,0,0,0,0,0,0,1,0.25,0.25,0.25,0.2209837883710861,17594
2024-04-20,Mitch Keller,PIT,1,7,18,3,0,1,2,2,0,1,0,0,0,0.5,0.571428571,0.833333333,0.5790503621101379,17594
2024-04-25,Mitch Keller,PIT,1,4,9,1,0,0,1,1,1,0,0,0,1,0.25,0.25,1.0,0.5140978097915649,17594
2024-04-30,Mitch Keller,PIT,1,5,0,0,0,0,0,0,0,1,0,1,1,0.0,0.4,0.0,0.2824803829193115,17594
2024-05-06,Mitch Keller,PIT,1,3,0,0,0,0,0,0,0,0,0,0,0,0.0,0.0,0.0,0.0,17594
2024-05-13,Mitch Keller,PIT,1,3,0,0,0,0,0,0,0,0,0,0,2,0.0,0.0,0.0,0.0,17594
2024-05-19,Mitch Keller,PIT,1,3,0,0,0,0,0,0,0,1,0,0,0,0.0,0.333333333,0.0,0.2302034099896749,17594
2024-05-25,Mitch Keller,PIT,1,4,0,1,1,0,0,0,0,0,0,0,0,0.25,0.25,0.5,0.3145281076431274,17594
2024-06-01,Mitch Keller,PIT,1,5,0,1,0,1,0,0,0,1,0,0,2,0.25,0.4,0.75,0.4570964455604553,17594
2024-06-07,Mitch Keller,PIT,1,5,0,1,1,0,0,0,0,1,0,0,2,0.25,0.4,0.5,0.3897445321083069,17594
2024-06-13,Mitch Keller,PIT,1,3,0,0,0,0,0,0,0,0,0,0,0,0.0,0.0,0.0,0.0,17594
2024-06-19,Mitch Keller,PIT,1,3,0,0,0,0,0,0,0,0,0,0,1,0.0,0.0,0.0,0.0,17594
2024-06-25,Mitch Keller,PIT,1,4,0,0,0,0,0,0,0,1,0,0,0,0.0,0.25,0.0,0.1726525574922561,17594
2024-07-02,Mitch Keller,PIT,1,4,0,0,0,0,0,0,0,0,0,1,1,0.0,0.25,0.0,0.1804479211568832,17594
2024-07-08,Mitch Keller,PIT,1,3,0,0,0,0,0,0,0,0,0,0,3,0.0,0.0,0.0,0.0,17594
2024-07-14,Mitch Keller,PIT,1,5,9,2,0,0,1,1,0,1,0,0,0,0.5,0.6,0.5,0.4916961073875427,17594
2024-04-13,Nick Lodolo,CIN,1,3,0,0,0,0,0,0,0,0,0,0,2,0.0,0.0,0.0,0.0,26378
2024-04-19,Nick Lodolo,CIN,1,3,0,0,0,0,0,0,0,0,0,0,1,0.0,0.0,0.0,0.0,26378
2024-04-24,Nick Lodolo,CIN,1,4,9,1,0,0,1,1,0,0,0,1,1,0.333333333,0.5,0.333333333,0.4014317095279693,26378
2024-04-29,Nick Lodolo,CIN,1,4,9,1,0,0,1,1,1,0,0,0,1,0.25,0.25,1.0,0.5140978097915649,26378
2024-05-05,Nick Lodolo,CIN,1,6,27,3,1,0,3,3,1,0,0,0,2,0.5,0.5,1.166666666,0.699739803870519,26378
2024-05-11,Nick Lodolo,CIN,1,7,36,3,0,0,4,4,1,1,0,0,2,0.5,0.571428571,1.0,0.6449816823005676,26378
2024-05-27,Nick Lodolo,CIN,1,4,9,1,0,0,1,1,1,0,0,0,1,0.25,0.25,1.0,0.5140978097915649,26378
2024-06-02,Nick Lodolo,CIN,1,5,0,1,0,0,0,0,0,0,0,1,1,0.25,0.4,0.25,0.3211453676223755,26378
2024-06-07,Nick Lodolo,CIN,1,5,0,1,0,0,0,0,0,1,0,0,3,0.25,0.4,0.25,0.3149090766906738,26378
2024-06-12,Nick Lodolo,CIN,1,3,0,0,0,0,0,0,0,0,0,0,2,0.0,0.0,0.0,0.0,26378
2024-06-18,Nick Lodolo,CIN,1,4,0,1,0,0,0,0,0,0,0,0,2,0.25,0.25,0.25,0.2209837883710861,26378
2024-06-23,Nick Lodolo,CIN,1,5,0,1,0,0,0,0,0,1,0,0,0,0.25,0.4,0.25,0.3149090766906738,26378
2024-07-09,Nick Lodolo,CIN,1,3,0,0,0,0,0,0,0,0,0,0,3,0.0,0.0,0.0,0.0,26378
2024-07-14,Nick Lodolo,CIN,1,3,0,0,0,0,0,0,0,0,0,0,1,0.0,0.0,0.0,0.0,26378
2024-04-20,Randy Vasquez,SDP,1,6,0,2,1,0,3,0,1,0,0,0,1,0.333333333,0.333333333,1.0,0.5524172782897949,24719
2024-04-25,Randy Vasquez,SDP,1,5,9,2,0,0,1,1,0,0,0,0,2,0.5,0.4,0.5,0.3535740613937378,24719
2024-05-07,Randy Vasquez,SDP,1,4,0,1,0,0,0,0,0,0,0,0,1,0.25,0.25,0.25,0.2209837883710861,24719
2024-05-13,Randy Vasquez,SDP,1,4,0,1,0,0,0,0,0,0,0,0,0,0.25,0.25,0.25,0.2209837883710861,24719
2024-05-20,Randy Vasquez,SDP,1,7,9,4,0,1,1,1,0,0,0,0,1,0.571428571,0.571428571,0.857142857,0.6066682083266122,24719
2024-06-01,Randy Vasquez,SDP,1,5,18,2,0,0,2,2,1,0,0,0,0,0.4,0.4,1.0,0.5880652785301208,24719
2024-06-06,Randy Vasquez,SDP,1,6,9,2,1,0,1,1,0,0,0,1,1,0.4,0.5,0.6,0.4773065447807312,24719
2024-06-11,Randy Vasquez,SDP,1,4,9,2,0,0,1,1,1,0,0,0,1,0.5,0.5,1.25,0.7350815981626511,24719
2024-06-17,Randy Vasquez,SDP,1,3,0,0,0,0,0,0,0,1,0,0,0,0.0,0.333333333,0.0,0.2302034099896749,24719
2024-06-22,Randy Vasquez,SDP,1,4,0,0,0,0,0,0,0,2,0,0,1,0.0,0.5,0.0,0.3453051149845123,24719
2024-06-28,Randy Vasquez,SDP,1,4,0,1,0,0,0,0,0,0,0,0,0,0.25,0.25,0.25,0.2209837883710861,24719
2024-07-05,Randy Vasquez,SDP,1,6,18,3,2,0,2,2,1,0,0,0,1,0.5,0.5,1.333333333,0.7621026833852133,24719
2024-07-14,Randy Vasquez,SDP,1,4,0,1,1,0,0,0,0,0,0,0,1,0.25,0.25,0.5,0.3145281076431274,24719
2024-04-01,Ronel Blanco,HOU,1,4,0,0,0,0,0,0,0,1,0,0,2,0.0,0.25,0.0,0.1726525574922561,19407
2024-04-07,Ronel Blanco,HOU,1,3,0,0,0,0,0,0,0,0,0,0,0,0.0,0.0,0.0,0.0,19407
2024-04-13,Ronel Blanco,HOU,1,6,18,2,0,0,2,2,0,2,0,0,0,0.5,0.666666666,0.5,0.524848461151123,19407
2024-04-20,Ronel Blanco,HOU,1,4,9,1,0,0,1,1,1,0,0,0,1,0.25,0.25,1.0,0.5140978097915649,19407
2024-04-27,Ronel Blanco,HOU,1,5,18,2,0,0,2,2,1,0,0,0,0,0.4,0.4,1.0,0.5880652785301208,19407
2024-05-03,Ronel Blanco,HOU,1,5,0,1,0,0,0,0,0,1,0,0,1,0.25,0.4,0.25,0.3149090766906738,19407
2024-05-09,Ronel Blanco,HOU,1,4,0,1,0,0,0,0,0,1,0,0,1,0.333333333,0.5,0.333333333,0.3936363458633423,19407
2024-05-14,Ronel Blanco,HOU,1,6,0,2,0,0,0,0,0,1,0,0,2,0.4,0.5,0.4,0.4097467561562856,19407
2024-05-26,Ronel Blanco,HOU,1,3,0,0,0,0,0,0,0,0,0,0,1,0.0,0.0,0.0,0.0,19407
2024-05-31,Ronel Blanco,HOU,1,3,0,0,0,0,0,0,0,0,0,0,1,0.0,0.0,0.0,0.0,19407
2024-06-05,Ronel Blanco,HOU,1,3,0,0,0,0,0,0,0,0,0,0,0,0.0,0.0,0.0,0.0,19407
2024-06-11,Ronel Blanco,HOU,1,4,0,1,0,0,0,0,0,0,0,0,0,0.25,0.25,0.25,0.2209837883710861,19407
2024-06-16,Ronel Blanco,HOU,1,3,0,0,0,0,0,0,0,0,0,0,2,0.0,0.0,0.0,0.0,19407
2024-06-22,Ronel Blanco,HOU,1,4,0,0,0,0,0,0,0,2,0,0,0,0.0,0.5,0.0,0.3453051149845123,19407
2024-06-28,Ronel Blanco,HOU,1,6,9,1,0,0,1,1,0,2,0,0,1,0.333333333,0.5,0.333333333,0.377525935570399,19407
2024-07-03,Ronel Blanco,HOU,1,5,9,1,0,0,1,1,0,1,0,0,1,0.333333333,0.4,0.333333333,0.3149090766906738,19407
2024-07-09,Ronel Blanco,HOU,1,5,9,2,0,0,1,1,1,0,0,0,1,0.4,0.4,1.0,0.5880652785301208,19407
2024-07-14,Ronel Blanco,HOU,1,5,18,2,0,0,2,2,1,0,0,0,1,0.4,0.4,1.0,0.5880652785301208,19407
2024-04-01,Ryan Pepiot,TBR,1,6,27,1,0,0,3,3,1,2,0,0,0,0.25,0.5,1.0,0.5729352831840515,26221
2024-04-07,Ryan Pepiot,TBR,1,4,0,1,0,0,0,0,0,0,0,0,2,0.25,0.25,0.25,0.2209837883710861,26221
2024-04-13,Ryan Pepiot,TBR,1,5,9,2,1,0,1,1,0,0,0,0,1,0.4,0.4,0.6,0.4284095168113708,26221
2024-04-18,Ryan Pepiot,TBR,1,3,0,0,0,0,0,0,0,0,0,0,1,0.0,0.0,0.0,0.0,26221
2024-04-23,Ryan Pepiot,TBR,1,4,0,0,0,0,0,0,0,1,0,0,0,0.0,0.25,0.0,0.1726525574922561,26221
2024-04-29,Ryan Pepiot,TBR,1,4,0,1,0,0,0,0,0,0,0,0,2,0.25,0.25,0.25,0.2209837883710861,26221
2024-05-05,Ryan Pepiot,TBR,1,5,18,1,0,0,2,2,1,1,0,0,0,0.25,0.4,1.0,0.5494002938270569,26221
2024-05-22,Ryan Pepiot,TBR,1,4,0,0,0,0,0,0,0,1,0,0,1,0.0,0.25,0.0,0.1726525574922561,26221
2024-05-29,Ryan Pepiot,TBR,1,4,0,1,0,0,0,0,0,0,0,0,0,0.25,0.25,0.25,0.2209837883710861,26221
2024-06-04,Ryan Pepiot,TBR,1,8,27,5,0,1,3,3,1,0,0,0,3,0.625,0.625,1.25,0.7878835871815681,26221
2024-06-10,Ryan Pepiot,TBR,1,5,9,3,0,0,1,1,1,0,0,0,0,0.6,0.6,1.2,0.7648523092269898,26221
2024-06-15,Ryan Pepiot,TBR,1,3,0,0,0,0,0,0,0,0,0,0,1,0.0,0.0,0.0,0.0,26221
2024-06-21,Ryan Pepiot,TBR,1,4,0,1,0,0,0,0,0,0,0,0,1,0.25,0.25,0.25,0.2209837883710861,26221
2024-06-26,Ryan Pepiot,TBR,1,3,0,0,0,0,0,0,0,0,0,0,2,0.0,0.0,0.0,0.0,26221
2024-07-03,Ryan Pepiot,TBR,1,3,0,0,0,0,0,0,0,0,0,0,0,0.0,0.0,0.0,0.0,26221
2024-07-09,Ryan Pepiot,TBR,1,6,9,2,0,0,1,1,0,1,0,0,1,0.4,0.5,0.4,0.4097467561562856,26221
2024-07-14,Ryan Pepiot,TBR,1,4,0,1,0,0,0,0,0,0,0,0,1,0.25,0.25,0.25,0.2209837883710861,26221
2024-03-31,Trevor Rogers,MIA,1,3,0,0,0,0,0,0,0,0,0,0,0,0.0,0.0,0.0,0.0,22286
2024-04-06,Trevor Rogers,MIA,1,3,0,0,0,0,0,0,0,0,0,0,0,0.0,0.0,0.0,0.0,22286
2024-04-12,Trevor Rogers,MIA,1,5,9,2,1,0,1,1,0,0,0,0,2,0.4,0.4,0.6,0.4284095168113708,22286
2024-04-17,Trevor Rogers,MIA,1,3,0,0,0,0,0,0,0,0,0,0,0,0.0,0.0,0.0,0.0,22286
2024-04-23,Trevor Rogers,MIA,1,4,0,1,1,0,0,0,0,0,0,0,1,0.25,0.25,0.5,0.3145281076431274,22286
2024-04-29,Trevor Rogers,MIA,1,3,0,0,0,0,0,0,0,0,0,0,0,0.0,0.0,0.0,0.0,22286
2024-05-04,Trevor Rogers,MIA,1,4,0,0,0,0,0,0,0,1,0,0,0,0.0,0.25,0.0,0.1726525574922561,22286
2024-05-10,Trevor Rogers,MIA,1,4,0,1,0,0,0,0,0,0,0,0,1,0.25,0.25,0.25,0.2209837883710861,22286
2024-05-15,Trevor Rogers,MIA,1,4,0,1,0,0,0,0,0,0,0,0,2,0.25,0.25,0.25,0.2209837883710861,22286
2024-05-21,Trevor Rogers,MIA,1,5,9,1,1,0,1,1,0,1,0,0,2,0.25,0.4,0.5,0.3897445321083069,22286
2024-05-27,Trevor Rogers,MIA,1,3,0,1,0,0,0,0,0,0,0,0,1,0.333333333,0.333333333,0.333333333,0.2946450511614482,22286
2024-06-02,Trevor Rogers,MIA,1,6,27,4,0,0,3,3,0,0,0,0,0,0.666666666,0.666666666,0.666666666,0.5892901023228964,22286
2024-06-09,Trevor Rogers,MIA,1,4,0,0,0,0,0,0,0,0,0,1,1,0.0,0.25,0.0,0.1804479211568832,22286
2024-06-15,Trevor Rogers,MIA,1,5,9,3,1,0,1,1,0,0,0,0,0,0.75,0.6,1.0,0.6051965475082397,22286
2024-06-21,Trevor Rogers,MIA,1,5,9,2,0,0,1,1,0,0,0,0,2,0.5,0.4,0.5,0.3535740613937378,22286
2024-06-27,Trevor Rogers,MIA,1,5,9,1,1,0,1,1,0,1,0,0,0,0.25,0.4,0.5,0.3897445321083069,22286
2024-07-03,Trevor Rogers,MIA,1,4,0,0,0,0,0,0,0,1,0,0,2,0.0,0.25,0.0,0.1726525574922561,22286
2024-07-09,Trevor Rogers,MIA,1,4,0,1,1,0,0,0,0,0,0,0,0,0.25,0.25,0.5,0.3145281076431274,22286
2024-07-14,Trevor Rogers,MIA,1,3,0,0,0,0,0,0,0,0,0,0,0,0.0,0.0,0.0,0.0,22286
2024-03-30,Yusei Kikuchi,TOR,1,5,0,1,0,0,0,0,0,1,0,0,1,0.25,0.4,0.25,0.3149090766906738,20633
2024-04-05,Yusei Kikuchi,TOR,1,4,0,0,0,0,0,0,0,1,0,0,1,0.0,0.25,0.0,0.1726525574922561,20633
2024-04-10,Yusei Kikuchi,TOR,1,3,0,0,0,0,0,0,0,0,0,0,2,0.0,0.0,0.0,0.0,20633
2024-04-16,Yusei Kikuchi,TOR,1,3,0,0,0,0,0,0,0,0,0,0,3,0.0,0.0,0.0,0.0,20633
2024-04-22,Yusei Kikuchi,TOR,1,3,0,0,0,0,0,0,0,0,0,0,1,0.0,0.0,0.0,0.0,20633
2024-04-27,Yusei Kikuchi,TOR,1,5,9,2,1,1,1,1,0,0,0,0,0,0.5,0.4,1.25,0.5705968856811523,20633
2024-05-03,Yusei Kikuchi,TOR,1,4,0,0,0,0,0,0,0,1,0,0,0,0.0,0.25,0.0,0.1726525574922561,20633
2024-05-10,Yusei Kikuchi,TOR,1,5,9,3,0,0,1,1,0,0,0,0,0,0.6,0.6,0.6,0.5303610920906067,20633
2024-05-15,Yusei Kikuchi,TOR,1,5,9,1,0,0,1,1,1,1,0,0,3,0.25,0.4,1.0,0.5494002938270569,20633
2024-05-21,Yusei Kikuchi,TOR,1,5,0,1,0,0,0,0,0,1,0,0,1,0.25,0.4,0.25,0.3149090766906738,20633
2024-05-26,Yusei Kikuchi,TOR,1,5,0,2,0,0,0,0,0,0,0,0,0,0.4,0.4,0.4,0.3535740613937378,20633
2024-06-01,Yusei Kikuchi,TOR,1,6,27,2,1,0,3,3,1,1,0,0,2,0.5,0.5,1.5,0.6675189832846323,20633
2024-06-06,Yusei Kikuchi,TOR,1,5,0,2,1,0,0,0,0,0,0,0,2,0.4,0.4,0.6,0.4284095168113708,20633
2024-06-11,Yusei Kikuchi,TOR,1,6,0,1,0,0,0,0,0,2,0,0,1,0.25,0.5,0.25,0.377525935570399,20633
2024-06-17,Yusei Kikuchi,TOR,1,5,18,2,0,0,2,2,2,0,0,0,2,0.4,0.4,1.6,0.8225564956665039,20633
2024-06-23,Yusei Kikuchi,TOR,1,6,9,3,0,0,1,1,0,0,0,0,2,0.5,0.5,0.5,0.4419675767421722,20633
2024-06-28,Yusei Kikuchi,TOR,1,3,0,0,0,0,0,0,0,0,0,0,2,0.0,0.0,0.0,0.0,20633
2024-07-03,Yusei Kikuchi,TOR,1,3,0,0,0,0,0,0,0,0,0,0,2,0.0,0.0,0.0,0.0,20633
2024-07-09,Yusei Kikuchi,TOR,1,3,0,0,0,0,0,0,0,0,0,0,2,0.0,0.0,0.0,0.0,20633
2024-07-14,Yusei Kikuchi,TOR,1,4,0,1,0,0,0,0,0,0,0,0,2,0.25,0.25,0.25,0.2209837883710861,20633
2024-03-28,Zac Gallen,ARI,1,3,0,0,0,0,0,0,0,0,0,0,0,0.0,0.0,0.0,0.0,19291
2024-04-02,Zac Gallen,ARI,1,4,0,0,0,0,0,0,0,2,0,0,0,0.0,0.5,0.0,0.3453051149845123,19291
2024-04-08,Zac Gallen,ARI,1,5,9,2,0,1,1,1,0,0,0,0,2,0.4,0.4,0.8,0.4957614302635192,19291
2024-04-14,Zac Gallen,ARI,1,3,0,0,0,0,0,0,0,0,0,0,2,0.0,0.0,0.0,0.0,19291
2024-04-20,Zac Gallen,ARI,1,7,18,4,0,0,2,2,1,0,0,0,1,0.666666666,0.571428571,1.166666666,0.6725995285170419,19291
2024-04-26,Zac Gallen,ARI,1,4,9,1,0,0,1,1,1,0,0,0,2,0.25,0.25,1.0,0.5140978097915649,19291
2024-05-07,Zac Gallen,ARI,1,4,0,0,0,0,0,0,0,1,0,0,1,0.0,0.25,0.0,0.1726525574922561,19291
2024-05-12,Zac Gallen,ARI,1,3,0,0,0,0,0,0,0,0,0,0,1,0.0,0.0,0.0,0.0,19291
2024-05-18,Zac Gallen,ARI,1,4,0,1,0,1,0,0,0,0,0,0,2,0.25,0.25,0.75,0.398717999458313,19291
2024-05-24,Zac Gallen,ARI,1,3,0,0,0,0,0,0,0,0,0,0,0,0.0,0.0,0.0,0.0,19291
2024-05-30,Zac Gallen,ARI,1,1,0,1,0,0,0,0,0,0,0,0,0,1.0,1.0,1.0,0.8839351534843445,19291
2024-06-29,Zac Gallen,ARI,1,4,0,1,0,0,0,0,0,0,0,0,1,0.25,0.25,0.25,0.2209837883710861,19291
2024-07-04,Zac Gallen,ARI,1,5,0,1,0,0,0,0,0,1,0,0,1,0.25,0.4,0.25,0.3149090766906738,19291
2024-07-09,Zac Gallen,ARI,1,4,0,1,0,0,0,0,0,0,0,0,2,0.25,0.25,0.25,0.2209837883710861,19291
2024-07-14,Zac Gallen,ARI,1,4,0,1,1,0,0,0,0,0,0,0,1,0.25,0.25,0.5,0.3145281076431274,19291
